{"cameraMode":{"drawMode":0,"name":"Shaded","section":"Shading Mode"},"sceneLighting":true,"audioPlay":false,"sceneViewState":{"m_AlwaysRefresh":false,"showFog":true,"showSkybox":true,"showFlares":true,"showImageEffects":true,"showParticleSystems":true,"showVisualEffectGraphs":true,"m_FxEnabled":true},"in2DMode":false,"pivot":{"x":1.3051514625549317,"y":-0.18617677688598634,"z":-0.6289557218551636},"rotation":{"x":-0.23289550840854646,"y":0.7239531874656677,"z":-0.2902602255344391,"w":-0.5808971524238586},"size":5.717129707336426,"orthographic":false}